plan_id,cable_id,status,type,zone,a_device,a_interface,a_role,b_device,b_interface,b_role
58,42678,connected,,,compute-001,be0-port0,server,be-rail-leaf-01,E1/1/1,leaf
58,42679,connected,,,compute-001,be1-port0,server,be-rail-leaf-01,E1/1/2,leaf
58,42680,connected,,,compute-001,be2-port0,server,be-rail-leaf-01,E1/2/1,leaf
58,42681,connected,,,compute-001,be3-port0,server,be-rail-leaf-01,E1/2/2,leaf
58,42682,connected,,,compute-001,be4-port0,server,be-rail-leaf-02,E1/1/1,leaf
58,42683,connected,,,compute-001,be5-port0,server,be-rail-leaf-02,E1/1/2,leaf
58,42684,connected,,,compute-001,be6-port0,server,be-rail-leaf-02,E1/2/1,leaf
58,42685,connected,,,compute-001,be7-port0,server,be-rail-leaf-02,E1/2/2,leaf
58,42686,connected,,,compute-001,fe-p0,server,fe-leaf-01,E1/1/1,leaf
58,42687,connected,,,compute-001,fe-p1,server,fe-leaf-02,E1/1/1,leaf
58,42688,connected,,,compute-002,be0-port0,server,be-rail-leaf-01,E1/3/1,leaf
58,42689,connected,,,compute-002,be1-port0,server,be-rail-leaf-01,E1/3/2,leaf
58,42690,connected,,,compute-002,be2-port0,server,be-rail-leaf-01,E1/4/1,leaf
58,42691,connected,,,compute-002,be3-port0,server,be-rail-leaf-01,E1/4/2,leaf
58,42692,connected,,,compute-002,be4-port0,server,be-rail-leaf-02,E1/3/1,leaf
58,42693,connected,,,compute-002,be5-port0,server,be-rail-leaf-02,E1/3/2,leaf
58,42694,connected,,,compute-002,be6-port0,server,be-rail-leaf-02,E1/4/1,leaf
58,42695,connected,,,compute-002,be7-port0,server,be-rail-leaf-02,E1/4/2,leaf
58,42696,connected,,,compute-002,fe-p0,server,fe-leaf-01,E1/1/2,leaf
58,42697,connected,,,compute-002,fe-p1,server,fe-leaf-02,E1/1/2,leaf
58,42698,connected,,,compute-003,be0-port0,server,be-rail-leaf-01,E1/5/1,leaf
58,42699,connected,,,compute-003,be1-port0,server,be-rail-leaf-01,E1/5/2,leaf
58,42700,connected,,,compute-003,be2-port0,server,be-rail-leaf-01,E1/6/1,leaf
58,42701,connected,,,compute-003,be3-port0,server,be-rail-leaf-01,E1/6/2,leaf
58,42702,connected,,,compute-003,be4-port0,server,be-rail-leaf-02,E1/5/1,leaf
58,42703,connected,,,compute-003,be5-port0,server,be-rail-leaf-02,E1/5/2,leaf
58,42704,connected,,,compute-003,be6-port0,server,be-rail-leaf-02,E1/6/1,leaf
58,42705,connected,,,compute-003,be7-port0,server,be-rail-leaf-02,E1/6/2,leaf
58,42706,connected,,,compute-003,fe-p0,server,fe-leaf-01,E1/1/3,leaf
58,42707,connected,,,compute-003,fe-p1,server,fe-leaf-02,E1/1/3,leaf
58,42708,connected,,,compute-004,be0-port0,server,be-rail-leaf-01,E1/7/1,leaf
58,42709,connected,,,compute-004,be1-port0,server,be-rail-leaf-01,E1/7/2,leaf
58,42710,connected,,,compute-004,be2-port0,server,be-rail-leaf-01,E1/8/1,leaf
58,42711,connected,,,compute-004,be3-port0,server,be-rail-leaf-01,E1/8/2,leaf
58,42712,connected,,,compute-004,be4-port0,server,be-rail-leaf-02,E1/7/1,leaf
58,42713,connected,,,compute-004,be5-port0,server,be-rail-leaf-02,E1/7/2,leaf
58,42714,connected,,,compute-004,be6-port0,server,be-rail-leaf-02,E1/8/1,leaf
58,42715,connected,,,compute-004,be7-port0,server,be-rail-leaf-02,E1/8/2,leaf
58,42716,connected,,,compute-004,fe-p0,server,fe-leaf-01,E1/1/4,leaf
58,42717,connected,,,compute-004,fe-p1,server,fe-leaf-02,E1/1/4,leaf
58,42718,connected,,,compute-005,be0-port0,server,be-rail-leaf-01,E1/9/1,leaf
58,42719,connected,,,compute-005,be1-port0,server,be-rail-leaf-01,E1/9/2,leaf
58,42720,connected,,,compute-005,be2-port0,server,be-rail-leaf-01,E1/10/1,leaf
58,42721,connected,,,compute-005,be3-port0,server,be-rail-leaf-01,E1/10/2,leaf
58,42722,connected,,,compute-005,be4-port0,server,be-rail-leaf-02,E1/9/1,leaf
58,42723,connected,,,compute-005,be5-port0,server,be-rail-leaf-02,E1/9/2,leaf
58,42724,connected,,,compute-005,be6-port0,server,be-rail-leaf-02,E1/10/1,leaf
58,42725,connected,,,compute-005,be7-port0,server,be-rail-leaf-02,E1/10/2,leaf
58,42726,connected,,,compute-005,fe-p0,server,fe-leaf-01,E1/2/1,leaf
58,42727,connected,,,compute-005,fe-p1,server,fe-leaf-02,E1/2/1,leaf
58,42728,connected,,,compute-006,be0-port0,server,be-rail-leaf-01,E1/11/1,leaf
58,42729,connected,,,compute-006,be1-port0,server,be-rail-leaf-01,E1/11/2,leaf
58,42730,connected,,,compute-006,be2-port0,server,be-rail-leaf-01,E1/12/1,leaf
58,42731,connected,,,compute-006,be3-port0,server,be-rail-leaf-01,E1/12/2,leaf
58,42732,connected,,,compute-006,be4-port0,server,be-rail-leaf-02,E1/11/1,leaf
58,42733,connected,,,compute-006,be5-port0,server,be-rail-leaf-02,E1/11/2,leaf
58,42734,connected,,,compute-006,be6-port0,server,be-rail-leaf-02,E1/12/1,leaf
58,42735,connected,,,compute-006,be7-port0,server,be-rail-leaf-02,E1/12/2,leaf
58,42736,connected,,,compute-006,fe-p0,server,fe-leaf-01,E1/2/2,leaf
58,42737,connected,,,compute-006,fe-p1,server,fe-leaf-02,E1/2/2,leaf
58,42738,connected,,,compute-007,be0-port0,server,be-rail-leaf-01,E1/13/1,leaf
58,42739,connected,,,compute-007,be1-port0,server,be-rail-leaf-01,E1/13/2,leaf
58,42740,connected,,,compute-007,be2-port0,server,be-rail-leaf-01,E1/14/1,leaf
58,42741,connected,,,compute-007,be3-port0,server,be-rail-leaf-01,E1/14/2,leaf
58,42742,connected,,,compute-007,be4-port0,server,be-rail-leaf-02,E1/13/1,leaf
58,42743,connected,,,compute-007,be5-port0,server,be-rail-leaf-02,E1/13/2,leaf
58,42744,connected,,,compute-007,be6-port0,server,be-rail-leaf-02,E1/14/1,leaf
58,42745,connected,,,compute-007,be7-port0,server,be-rail-leaf-02,E1/14/2,leaf
58,42746,connected,,,compute-007,fe-p0,server,fe-leaf-01,E1/2/3,leaf
58,42747,connected,,,compute-007,fe-p1,server,fe-leaf-02,E1/2/3,leaf
58,42748,connected,,,compute-008,be0-port0,server,be-rail-leaf-01,E1/15/1,leaf
58,42749,connected,,,compute-008,be1-port0,server,be-rail-leaf-01,E1/15/2,leaf
58,42750,connected,,,compute-008,be2-port0,server,be-rail-leaf-01,E1/16/1,leaf
58,42751,connected,,,compute-008,be3-port0,server,be-rail-leaf-01,E1/16/2,leaf
58,42752,connected,,,compute-008,be4-port0,server,be-rail-leaf-02,E1/15/1,leaf
58,42753,connected,,,compute-008,be5-port0,server,be-rail-leaf-02,E1/15/2,leaf
58,42754,connected,,,compute-008,be6-port0,server,be-rail-leaf-02,E1/16/1,leaf
58,42755,connected,,,compute-008,be7-port0,server,be-rail-leaf-02,E1/16/2,leaf
58,42756,connected,,,compute-008,fe-p0,server,fe-leaf-01,E1/2/4,leaf
58,42757,connected,,,compute-008,fe-p1,server,fe-leaf-02,E1/2/4,leaf
58,42758,connected,,,compute-009,be0-port0,server,be-rail-leaf-01,E1/17/1,leaf
58,42759,connected,,,compute-009,be1-port0,server,be-rail-leaf-01,E1/17/2,leaf
58,42760,connected,,,compute-009,be2-port0,server,be-rail-leaf-01,E1/18/1,leaf
58,42761,connected,,,compute-009,be3-port0,server,be-rail-leaf-01,E1/18/2,leaf
58,42762,connected,,,compute-009,be4-port0,server,be-rail-leaf-02,E1/17/1,leaf
58,42763,connected,,,compute-009,be5-port0,server,be-rail-leaf-02,E1/17/2,leaf
58,42764,connected,,,compute-009,be6-port0,server,be-rail-leaf-02,E1/18/1,leaf
58,42765,connected,,,compute-009,be7-port0,server,be-rail-leaf-02,E1/18/2,leaf
58,42766,connected,,,compute-009,fe-p0,server,fe-leaf-01,E1/3/1,leaf
58,42767,connected,,,compute-009,fe-p1,server,fe-leaf-02,E1/3/1,leaf
58,42768,connected,,,compute-010,be0-port0,server,be-rail-leaf-01,E1/19/1,leaf
58,42769,connected,,,compute-010,be1-port0,server,be-rail-leaf-01,E1/19/2,leaf
58,42770,connected,,,compute-010,be2-port0,server,be-rail-leaf-01,E1/20/1,leaf
58,42771,connected,,,compute-010,be3-port0,server,be-rail-leaf-01,E1/20/2,leaf
58,42772,connected,,,compute-010,be4-port0,server,be-rail-leaf-02,E1/19/1,leaf
58,42773,connected,,,compute-010,be5-port0,server,be-rail-leaf-02,E1/19/2,leaf
58,42774,connected,,,compute-010,be6-port0,server,be-rail-leaf-02,E1/20/1,leaf
58,42775,connected,,,compute-010,be7-port0,server,be-rail-leaf-02,E1/20/2,leaf
58,42776,connected,,,compute-010,fe-p0,server,fe-leaf-01,E1/3/2,leaf
58,42777,connected,,,compute-010,fe-p1,server,fe-leaf-02,E1/3/2,leaf
58,42778,connected,,,compute-011,be0-port0,server,be-rail-leaf-01,E1/21/1,leaf
58,42779,connected,,,compute-011,be1-port0,server,be-rail-leaf-01,E1/21/2,leaf
58,42780,connected,,,compute-011,be2-port0,server,be-rail-leaf-01,E1/22/1,leaf
58,42781,connected,,,compute-011,be3-port0,server,be-rail-leaf-01,E1/22/2,leaf
58,42782,connected,,,compute-011,be4-port0,server,be-rail-leaf-02,E1/21/1,leaf
58,42783,connected,,,compute-011,be5-port0,server,be-rail-leaf-02,E1/21/2,leaf
58,42784,connected,,,compute-011,be6-port0,server,be-rail-leaf-02,E1/22/1,leaf
58,42785,connected,,,compute-011,be7-port0,server,be-rail-leaf-02,E1/22/2,leaf
58,42786,connected,,,compute-011,fe-p0,server,fe-leaf-01,E1/3/3,leaf
58,42787,connected,,,compute-011,fe-p1,server,fe-leaf-02,E1/3/3,leaf
58,42788,connected,,,compute-012,be0-port0,server,be-rail-leaf-01,E1/23/1,leaf
58,42789,connected,,,compute-012,be1-port0,server,be-rail-leaf-01,E1/23/2,leaf
58,42790,connected,,,compute-012,be2-port0,server,be-rail-leaf-01,E1/24/1,leaf
58,42791,connected,,,compute-012,be3-port0,server,be-rail-leaf-01,E1/24/2,leaf
58,42792,connected,,,compute-012,be4-port0,server,be-rail-leaf-02,E1/23/1,leaf
58,42793,connected,,,compute-012,be5-port0,server,be-rail-leaf-02,E1/23/2,leaf
58,42794,connected,,,compute-012,be6-port0,server,be-rail-leaf-02,E1/24/1,leaf
58,42795,connected,,,compute-012,be7-port0,server,be-rail-leaf-02,E1/24/2,leaf
58,42796,connected,,,compute-012,fe-p0,server,fe-leaf-01,E1/3/4,leaf
58,42797,connected,,,compute-012,fe-p1,server,fe-leaf-02,E1/3/4,leaf
58,42798,connected,,,compute-013,be0-port0,server,be-rail-leaf-01,E1/25/1,leaf
58,42799,connected,,,compute-013,be1-port0,server,be-rail-leaf-01,E1/25/2,leaf
58,42800,connected,,,compute-013,be2-port0,server,be-rail-leaf-01,E1/26/1,leaf
58,42801,connected,,,compute-013,be3-port0,server,be-rail-leaf-01,E1/26/2,leaf
58,42802,connected,,,compute-013,be4-port0,server,be-rail-leaf-02,E1/25/1,leaf
58,42803,connected,,,compute-013,be5-port0,server,be-rail-leaf-02,E1/25/2,leaf
58,42804,connected,,,compute-013,be6-port0,server,be-rail-leaf-02,E1/26/1,leaf
58,42805,connected,,,compute-013,be7-port0,server,be-rail-leaf-02,E1/26/2,leaf
58,42806,connected,,,compute-013,fe-p0,server,fe-leaf-01,E1/4/1,leaf
58,42807,connected,,,compute-013,fe-p1,server,fe-leaf-02,E1/4/1,leaf
58,42808,connected,,,compute-014,be0-port0,server,be-rail-leaf-01,E1/27/1,leaf
58,42809,connected,,,compute-014,be1-port0,server,be-rail-leaf-01,E1/27/2,leaf
58,42810,connected,,,compute-014,be2-port0,server,be-rail-leaf-01,E1/28/1,leaf
58,42811,connected,,,compute-014,be3-port0,server,be-rail-leaf-01,E1/28/2,leaf
58,42812,connected,,,compute-014,be4-port0,server,be-rail-leaf-02,E1/27/1,leaf
58,42813,connected,,,compute-014,be5-port0,server,be-rail-leaf-02,E1/27/2,leaf
58,42814,connected,,,compute-014,be6-port0,server,be-rail-leaf-02,E1/28/1,leaf
58,42815,connected,,,compute-014,be7-port0,server,be-rail-leaf-02,E1/28/2,leaf
58,42816,connected,,,compute-014,fe-p0,server,fe-leaf-01,E1/4/2,leaf
58,42817,connected,,,compute-014,fe-p1,server,fe-leaf-02,E1/4/2,leaf
58,42818,connected,,,compute-015,be0-port0,server,be-rail-leaf-01,E1/29/1,leaf
58,42819,connected,,,compute-015,be1-port0,server,be-rail-leaf-01,E1/29/2,leaf
58,42820,connected,,,compute-015,be2-port0,server,be-rail-leaf-01,E1/30/1,leaf
58,42821,connected,,,compute-015,be3-port0,server,be-rail-leaf-01,E1/30/2,leaf
58,42822,connected,,,compute-015,be4-port0,server,be-rail-leaf-02,E1/29/1,leaf
58,42823,connected,,,compute-015,be5-port0,server,be-rail-leaf-02,E1/29/2,leaf
58,42824,connected,,,compute-015,be6-port0,server,be-rail-leaf-02,E1/30/1,leaf
58,42825,connected,,,compute-015,be7-port0,server,be-rail-leaf-02,E1/30/2,leaf
58,42826,connected,,,compute-015,fe-p0,server,fe-leaf-01,E1/4/3,leaf
58,42827,connected,,,compute-015,fe-p1,server,fe-leaf-02,E1/4/3,leaf
58,42828,connected,,,compute-016,be0-port0,server,be-rail-leaf-01,E1/31/1,leaf
58,42829,connected,,,compute-016,be1-port0,server,be-rail-leaf-01,E1/31/2,leaf
58,42830,connected,,,compute-016,be2-port0,server,be-rail-leaf-01,E1/32/1,leaf
58,42831,connected,,,compute-016,be3-port0,server,be-rail-leaf-01,E1/32/2,leaf
58,42832,connected,,,compute-016,be4-port0,server,be-rail-leaf-02,E1/31/1,leaf
58,42833,connected,,,compute-016,be5-port0,server,be-rail-leaf-02,E1/31/2,leaf
58,42834,connected,,,compute-016,be6-port0,server,be-rail-leaf-02,E1/32/1,leaf
58,42835,connected,,,compute-016,be7-port0,server,be-rail-leaf-02,E1/32/2,leaf
58,42836,connected,,,compute-016,fe-p0,server,fe-leaf-01,E1/4/4,leaf
58,42837,connected,,,compute-016,fe-p1,server,fe-leaf-02,E1/4/4,leaf
58,42838,connected,,,be-rail-leaf-01,E1/33,leaf,be-rail-leaf-02,E1/33,leaf
58,42839,connected,,,be-rail-leaf-01,E1/34,leaf,be-rail-leaf-02,E1/34,leaf
58,42840,connected,,,be-rail-leaf-01,E1/35,leaf,be-rail-leaf-02,E1/35,leaf
58,42841,connected,,,be-rail-leaf-01,E1/36,leaf,be-rail-leaf-02,E1/36,leaf
58,42842,connected,,,be-rail-leaf-01,E1/37,leaf,be-rail-leaf-02,E1/37,leaf
58,42843,connected,,,be-rail-leaf-01,E1/38,leaf,be-rail-leaf-02,E1/38,leaf
58,42844,connected,,,be-rail-leaf-01,E1/39,leaf,be-rail-leaf-02,E1/39,leaf
58,42845,connected,,,be-rail-leaf-01,E1/40,leaf,be-rail-leaf-02,E1/40,leaf
58,42846,connected,,,be-rail-leaf-01,E1/41,leaf,be-rail-leaf-02,E1/41,leaf
58,42847,connected,,,be-rail-leaf-01,E1/42,leaf,be-rail-leaf-02,E1/42,leaf
58,42848,connected,,,be-rail-leaf-01,E1/43,leaf,be-rail-leaf-02,E1/43,leaf
58,42849,connected,,,be-rail-leaf-01,E1/44,leaf,be-rail-leaf-02,E1/44,leaf
58,42850,connected,,,be-rail-leaf-01,E1/45,leaf,be-rail-leaf-02,E1/45,leaf
58,42851,connected,,,be-rail-leaf-01,E1/46,leaf,be-rail-leaf-02,E1/46,leaf
58,42852,connected,,,be-rail-leaf-01,E1/47,leaf,be-rail-leaf-02,E1/47,leaf
58,42853,connected,,,be-rail-leaf-01,E1/48,leaf,be-rail-leaf-02,E1/48,leaf
58,42854,connected,,,be-rail-leaf-01,E1/49,leaf,be-rail-leaf-02,E1/49,leaf
58,42855,connected,,,be-rail-leaf-01,E1/50,leaf,be-rail-leaf-02,E1/50,leaf
58,42856,connected,,,be-rail-leaf-01,E1/51,leaf,be-rail-leaf-02,E1/51,leaf
58,42857,connected,,,be-rail-leaf-01,E1/52,leaf,be-rail-leaf-02,E1/52,leaf
58,42858,connected,,,be-rail-leaf-01,E1/53,leaf,be-rail-leaf-02,E1/53,leaf
58,42859,connected,,,be-rail-leaf-01,E1/54,leaf,be-rail-leaf-02,E1/54,leaf
58,42860,connected,,,be-rail-leaf-01,E1/55,leaf,be-rail-leaf-02,E1/55,leaf
58,42861,connected,,,be-rail-leaf-01,E1/56,leaf,be-rail-leaf-02,E1/56,leaf
58,42862,connected,,,be-rail-leaf-01,E1/57,leaf,be-rail-leaf-02,E1/57,leaf
58,42863,connected,,,be-rail-leaf-01,E1/58,leaf,be-rail-leaf-02,E1/58,leaf
58,42864,connected,,,be-rail-leaf-01,E1/59,leaf,be-rail-leaf-02,E1/59,leaf
58,42865,connected,,,be-rail-leaf-01,E1/60,leaf,be-rail-leaf-02,E1/60,leaf
58,42866,connected,,,be-rail-leaf-01,E1/61,leaf,be-rail-leaf-02,E1/61,leaf
58,42867,connected,,,be-rail-leaf-01,E1/62,leaf,be-rail-leaf-02,E1/62,leaf
58,42868,connected,,,be-rail-leaf-01,E1/63,leaf,be-rail-leaf-02,E1/63,leaf
58,42869,connected,,,be-rail-leaf-01,E1/64,leaf,be-rail-leaf-02,E1/64,leaf
58,42870,connected,,,fe-leaf-01,E1/33,leaf,fe-leaf-02,E1/33,leaf
58,42871,connected,,,fe-leaf-01,E1/34,leaf,fe-leaf-02,E1/34,leaf
58,42872,connected,,,fe-leaf-01,E1/35,leaf,fe-leaf-02,E1/35,leaf
58,42873,connected,,,fe-leaf-01,E1/36,leaf,fe-leaf-02,E1/36,leaf
58,42874,connected,,,fe-leaf-01,E1/37,leaf,fe-leaf-02,E1/37,leaf
58,42875,connected,,,fe-leaf-01,E1/38,leaf,fe-leaf-02,E1/38,leaf
58,42876,connected,,,fe-leaf-01,E1/39,leaf,fe-leaf-02,E1/39,leaf
58,42877,connected,,,fe-leaf-01,E1/40,leaf,fe-leaf-02,E1/40,leaf
58,42878,connected,,,fe-leaf-01,E1/41,leaf,fe-leaf-02,E1/41,leaf
58,42879,connected,,,fe-leaf-01,E1/42,leaf,fe-leaf-02,E1/42,leaf
58,42880,connected,,,fe-leaf-01,E1/43,leaf,fe-leaf-02,E1/43,leaf
58,42881,connected,,,fe-leaf-01,E1/44,leaf,fe-leaf-02,E1/44,leaf
58,42882,connected,,,fe-leaf-01,E1/45,leaf,fe-leaf-02,E1/45,leaf
58,42883,connected,,,fe-leaf-01,E1/46,leaf,fe-leaf-02,E1/46,leaf
58,42884,connected,,,fe-leaf-01,E1/47,leaf,fe-leaf-02,E1/47,leaf
58,42885,connected,,,fe-leaf-01,E1/48,leaf,fe-leaf-02,E1/48,leaf
58,42886,connected,,,fe-leaf-01,E1/49,leaf,fe-leaf-02,E1/49,leaf
58,42887,connected,,,fe-leaf-01,E1/50,leaf,fe-leaf-02,E1/50,leaf
58,42888,connected,,,fe-leaf-01,E1/51,leaf,fe-leaf-02,E1/51,leaf
58,42889,connected,,,fe-leaf-01,E1/52,leaf,fe-leaf-02,E1/52,leaf
58,42890,connected,,,fe-leaf-01,E1/53,leaf,fe-leaf-02,E1/53,leaf
58,42891,connected,,,fe-leaf-01,E1/54,leaf,fe-leaf-02,E1/54,leaf
58,42892,connected,,,fe-leaf-01,E1/55,leaf,fe-leaf-02,E1/55,leaf
58,42893,connected,,,fe-leaf-01,E1/56,leaf,fe-leaf-02,E1/56,leaf
58,42894,connected,,,fe-leaf-01,E1/57,leaf,fe-leaf-02,E1/57,leaf
58,42895,connected,,,fe-leaf-01,E1/58,leaf,fe-leaf-02,E1/58,leaf
58,42896,connected,,,fe-leaf-01,E1/59,leaf,fe-leaf-02,E1/59,leaf
58,42897,connected,,,fe-leaf-01,E1/60,leaf,fe-leaf-02,E1/60,leaf
58,42898,connected,,,fe-leaf-01,E1/61,leaf,fe-leaf-02,E1/61,leaf
58,42899,connected,,,fe-leaf-01,E1/62,leaf,fe-leaf-02,E1/62,leaf
58,42900,connected,,,fe-leaf-01,E1/63,leaf,fe-leaf-02,E1/63,leaf
58,42901,connected,,,fe-leaf-01,E1/64,leaf,fe-leaf-02,E1/64,leaf
